{"mean": [0.22544039311818778, 0.6397673102468252, 4.646856233359031e-07, 0.2858849507570267, 0.6190237468108535, 0.010135601922835918, 0.3289713615365326, 0.5890346651151777, 0.005868125580709602, 0.35651837777346373, 0.5764360182732343, -0.006586483994033188, 0.3659497923590243, 0.5790776450186967, -0.019660375846433452, 0.3055279695242643, 0.4529273972287774, 0.022684359475115344, 0.33085242172703144, 0.41414054356515406, 0.011649516751640476, 0.35026774248108267, 0.38961415357887746, -0.0013184078666381538, 0.3646190486848354, 0.3728535346314311, -0.011832119760802015, 0.2825470269937068, 0.4468823958560824, 0.002531997674377635, 0.3153865789528936, 0.4448491807840764, -0.016302783130668103, 0.33568086807616054, 0.48826093666255477, -0.02927679096657812, 0.34836159565486013, 0.5214111904799938, -0.03577852202122813, 0.26343147054314614, 0.45896478518843653, -0.01905793497537161, 0.30274488889612255, 0.4847876688838005, -0.03506699365184431, 0.31684297072701156, 0.5252876131981611, -0.035600484734272866, 0.3226294468063861, 0.5428832224756479, -0.033435570500951146, 0.24973213751800358, 0.4843289025500417, -0.04139190376965416, 0.284142383672297, 0.5090226374566555, -0.04968040912426659, 0.2936771567165852, 0.5373933010920883, -0.04551341862577828, 0.2971075302734971, 0.5477873086370528, -0.04114937117687077], "std": [0.12784498019655202, 0.191781164091296, 2.9880106151185633e-07, 0.11483521807133938, 0.15413991780567585, 0.03309713430333087, 0.10160443302015136, 0.1164975745723467, 0.053435449954323075, 0.08392890427371191, 0.09858297760679122, 0.06764271556201906, 0.08581612037189153, 0.10784714802218659, 0.0815247821536254, 0.1471960840066263, 0.08607511651396145, 0.07777649181874112, 0.14327327950445382, 0.1157290556073405, 0.10194057563251173, 0.1342400839993804, 0.15496251633164276, 0.11043811533446209, 0.12841674194769181, 0.18823928974455353, 0.11520615593171714, 0.15626618080528193, 0.08593377133687363, 0.06996982485138577, 0.14926886275515416, 0.12062281445395356, 0.09923374756043203, 0.1393925573074885, 0.15570127708035106, 0.1000733358560318, 0.1340157099497749, 0.1729379986121159, 0.097179564333957, 0.15986862526701545, 0.09517752739970982, 0.06184965270522778, 0.15040136930174078, 0.11891724223732474, 0.08462048577393531, 0.14409887067885893, 0.15007304495003498, 0.07827494021486055, 0.14376026045335605, 0.16336872568077604, 0.07000853498702028, 0.15962903617229474, 0.11435526137536704, 0.05631869265475342, 0.15238125697022242, 0.13529181853549482, 0.06903395134504045, 0.14913643742946023, 0.16123858063669658, 0.06601972480685706, 0.14856862782562585, 0.17133967280114562, 0.06156468158729655], "labels": ["A", "C", "D", "E", "F", "G", "I", "L"]}